file,age,gender,race,service_test
train/1.jpg,50-59,Male,East Asian,TRUE
train/2.jpg,30-39,Female,Indian,FALSE
train/3.jpg,9-Mar,Female,Black,FALSE
train/4.jpg,20-29,Female,Indian,TRUE
train/5.jpg,20-29,Female,Indian,TRUE
train/6.jpg,20-29,Male,White,TRUE
train/7.jpg,40-49,Male,Middle Eastern,FALSE
train/8.jpg,30-39,Female,Indian,TRUE
train/9.jpg,19-Oct,Male,White,TRUE
train/10.jpg,30-39,Male,Middle Eastern,FALSE
train/11.jpg,50-59,Male,East Asian,TRUE
train/12.jpg,20-29,Male,East Asian,FALSE
train/13.jpg,20-29,Male,Latino_Hispanic,FALSE
train/14.jpg,19-Oct,Male,Indian,TRUE
train/15.jpg,60-69,Female,Indian,TRUE
train/16.jpg,30-39,Female,White,FALSE
train/17.jpg,20-29,Female,Southeast Asian,FALSE
train/18.jpg,40-49,Male,Southeast Asian,FALSE
train/19.jpg,0-2,Female,Black,FALSE
train/20.jpg,50-59,Male,Southeast Asian,TRUE
train/21.jpg,20-29,Female,Indian,TRUE
train/22.jpg,30-39,Female,Middle Eastern,TRUE
train/23.jpg,20-29,Female,Black,TRUE
train/24.jpg,30-39,Female,White,FALSE
train/25.jpg,20-29,Female,White,FALSE
train/26.jpg,30-39,Female,Black,TRUE
train/27.jpg,50-59,Female,White,FALSE
train/28.jpg,19-Oct,Female,White,FALSE
train/29.jpg,20-29,Male,Indian,TRUE
train/30.jpg,20-29,Female,Black,FALSE
train/31.jpg,40-49,Female,Black,TRUE
train/32.jpg,19-Oct,Female,East Asian,TRUE
train/33.jpg,50-59,Male,White,FALSE
train/34.jpg,40-49,Male,Middle Eastern,FALSE
train/35.jpg,20-29,Male,East Asian,TRUE
train/36.jpg,60-69,Female,Middle Eastern,TRUE
train/37.jpg,20-29,Female,Latino_Hispanic,FALSE
train/38.jpg,30-39,Male,Latino_Hispanic,TRUE
train/39.jpg,50-59,Male,Middle Eastern,FALSE
train/40.jpg,20-29,Female,Latino_Hispanic,FALSE
train/41.jpg,20-29,Male,White,TRUE
train/42.jpg,19-Oct,Female,Black,FALSE
train/43.jpg,19-Oct,Female,Southeast Asian,TRUE
train/44.jpg,40-49,Male,Latino_Hispanic,FALSE
train/45.jpg,19-Oct,Male,Indian,TRUE
train/46.jpg,19-Oct,Female,Indian,TRUE
train/47.jpg,60-69,Male,East Asian,TRUE
train/48.jpg,9-Mar,Female,Middle Eastern,TRUE
train/49.jpg,19-Oct,Female,Southeast Asian,FALSE
train/50.jpg,50-59,Female,Black,FALSE
train/51.jpg,9-Mar,Female,East Asian,FALSE
train/52.jpg,60-69,Male,Latino_Hispanic,FALSE
train/53.jpg,50-59,Male,Southeast Asian,FALSE
train/54.jpg,30-39,Female,East Asian,FALSE
train/55.jpg,30-39,Male,Southeast Asian,TRUE
train/56.jpg,30-39,Male,White,FALSE
train/57.jpg,20-29,Male,Black,FALSE
train/58.jpg,40-49,Female,Latino_Hispanic,TRUE
train/59.jpg,19-Oct,Female,Latino_Hispanic,FALSE
train/60.jpg,19-Oct,Female,Latino_Hispanic,TRUE
train/61.jpg,9-Mar,Male,East Asian,FALSE
train/62.jpg,19-Oct,Male,Indian,TRUE
train/63.jpg,40-49,Male,Indian,FALSE
train/64.jpg,20-29,Male,Southeast Asian,FALSE
train/65.jpg,30-39,Male,East Asian,TRUE
train/66.jpg,30-39,Male,Latino_Hispanic,TRUE
train/67.jpg,19-Oct,Female,Latino_Hispanic,FALSE
train/68.jpg,60-69,Male,White,FALSE
train/69.jpg,50-59,Male,Southeast Asian,TRUE
train/70.jpg,30-39,Male,Indian,TRUE
train/71.jpg,60-69,Female,Indian,FALSE
train/72.jpg,30-39,Male,Latino_Hispanic,TRUE
train/73.jpg,30-39,Female,Latino_Hispanic,TRUE
train/74.jpg,20-29,Female,Southeast Asian,FALSE
train/75.jpg,30-39,Male,Indian,TRUE
train/76.jpg,20-29,Male,Southeast Asian,TRUE
train/77.jpg,50-59,Female,Black,TRUE
train/78.jpg,20-29,Female,Middle Eastern,TRUE
train/79.jpg,40-49,Male,Latino_Hispanic,FALSE
train/80.jpg,30-39,Male,White,FALSE
train/81.jpg,30-39,Female,Black,FALSE
train/82.jpg,30-39,Male,Indian,FALSE
train/83.jpg,40-49,Male,White,FALSE
train/84.jpg,19-Oct,Female,Black,TRUE
train/85.jpg,20-29,Female,White,FALSE
train/86.jpg,20-29,Female,Black,TRUE
train/87.jpg,20-29,Male,Black,TRUE
train/88.jpg,20-29,Female,Southeast Asian,TRUE
train/89.jpg,40-49,Male,Indian,FALSE
train/90.jpg,50-59,Male,Indian,FALSE
train/91.jpg,30-39,Male,Latino_Hispanic,FALSE
train/92.jpg,0-2,Female,East Asian,FALSE
train/93.jpg,30-39,Female,White,FALSE
train/94.jpg,9-Mar,Female,Latino_Hispanic,FALSE
train/95.jpg,20-29,Male,Black,FALSE
train/96.jpg,30-39,Female,White,TRUE
train/97.jpg,30-39,Female,White,FALSE
train/98.jpg,20-29,Female,East Asian,FALSE
train/99.jpg,30-39,Male,White,FALSE
train/100.jpg,20-29,Female,East Asian,FALSE
train/101.jpg,30-39,Male,Indian,FALSE
train/102.jpg,30-39,Male,White,FALSE
train/103.jpg,40-49,Male,Indian,TRUE
train/104.jpg,30-39,Male,Indian,FALSE
train/105.jpg,50-59,Male,East Asian,FALSE
train/106.jpg,40-49,Male,Black,FALSE
train/107.jpg,30-39,Female,White,FALSE
train/108.jpg,more than 70,Female,Indian,FALSE
train/109.jpg,20-29,Female,Middle Eastern,TRUE
train/110.jpg,30-39,Male,White,FALSE
train/111.jpg,40-49,Female,Indian,FALSE
train/112.jpg,40-49,Female,Latino_Hispanic,FALSE
train/113.jpg,30-39,Male,Middle Eastern,TRUE
train/114.jpg,30-39,Female,White,FALSE
train/115.jpg,50-59,Male,Black,TRUE
train/116.jpg,20-29,Female,Latino_Hispanic,FALSE
train/117.jpg,30-39,Male,White,FALSE
train/118.jpg,30-39,Male,White,FALSE
train/119.jpg,40-49,Male,Indian,TRUE
train/120.jpg,60-69,Male,Middle Eastern,FALSE
train/121.jpg,20-29,Female,White,FALSE
train/122.jpg,20-29,Female,East Asian,FALSE
train/123.jpg,30-39,Female,Black,FALSE
train/124.jpg,0-2,Male,Indian,FALSE
train/125.jpg,40-49,Male,White,FALSE
train/126.jpg,30-39,Female,East Asian,FALSE
train/127.jpg,9-Mar,Female,White,TRUE
train/128.jpg,20-29,Female,Indian,TRUE
train/129.jpg,19-Oct,Female,Black,FALSE
train/130.jpg,50-59,Male,White,TRUE
train/131.jpg,30-39,Female,Middle Eastern,TRUE
train/132.jpg,9-Mar,Female,White,FALSE
train/133.jpg,9-Mar,Male,Latino_Hispanic,TRUE
train/134.jpg,30-39,Male,White,FALSE
train/135.jpg,40-49,Female,White,TRUE
train/136.jpg,50-59,Female,Indian,FALSE
train/137.jpg,40-49,Male,Latino_Hispanic,FALSE
train/138.jpg,50-59,Male,Black,FALSE
train/139.jpg,30-39,Female,East Asian,TRUE
train/140.jpg,20-29,Female,East Asian,FALSE
train/141.jpg,19-Oct,Male,Latino_Hispanic,TRUE
train/142.jpg,30-39,Male,East Asian,FALSE
train/143.jpg,30-39,Male,Indian,FALSE
train/144.jpg,more than 70,Male,East Asian,FALSE
train/145.jpg,30-39,Male,White,FALSE
train/146.jpg,40-49,Male,Southeast Asian,TRUE
train/147.jpg,40-49,Male,Southeast Asian,FALSE
train/148.jpg,50-59,Male,Southeast Asian,FALSE
train/149.jpg,50-59,Male,Indian,TRUE
train/150.jpg,20-29,Male,Latino_Hispanic,FALSE
train/151.jpg,20-29,Female,Black,TRUE
train/152.jpg,20-29,Male,Middle Eastern,TRUE
train/153.jpg,20-29,Female,Southeast Asian,TRUE
train/154.jpg,30-39,Male,White,TRUE
train/155.jpg,20-29,Male,Southeast Asian,TRUE
train/156.jpg,20-29,Male,Latino_Hispanic,TRUE
train/157.jpg,20-29,Male,White,FALSE
train/158.jpg,9-Mar,Male,Black,FALSE
train/159.jpg,30-39,Female,Indian,FALSE
train/160.jpg,40-49,Female,Black,TRUE
train/161.jpg,19-Oct,Female,Latino_Hispanic,TRUE
train/162.jpg,30-39,Female,White,FALSE
train/163.jpg,19-Oct,Male,Southeast Asian,TRUE
train/164.jpg,20-29,Female,East Asian,TRUE
train/165.jpg,50-59,Female,Southeast Asian,TRUE
train/166.jpg,9-Mar,Male,East Asian,FALSE
train/167.jpg,30-39,Female,Latino_Hispanic,FALSE
train/168.jpg,20-29,Female,Southeast Asian,TRUE
train/169.jpg,20-29,Male,East Asian,FALSE
train/170.jpg,20-29,Female,Southeast Asian,TRUE
train/171.jpg,30-39,Female,White,FALSE
train/172.jpg,19-Oct,Male,Southeast Asian,FALSE
train/173.jpg,20-29,Female,Latino_Hispanic,TRUE
train/174.jpg,60-69,Male,Indian,FALSE
train/175.jpg,20-29,Female,Indian,FALSE
train/176.jpg,60-69,Female,White,FALSE
train/177.jpg,30-39,Female,White,FALSE
train/178.jpg,30-39,Male,White,FALSE
train/179.jpg,19-Oct,Female,Black,FALSE
train/180.jpg,30-39,Male,Middle Eastern,FALSE
train/181.jpg,20-29,Female,Latino_Hispanic,FALSE
train/182.jpg,40-49,Male,Black,FALSE
train/183.jpg,20-29,Female,Black,TRUE
train/184.jpg,20-29,Male,White,FALSE
train/185.jpg,9-Mar,Male,Black,FALSE
train/186.jpg,50-59,Female,Southeast Asian,FALSE
train/187.jpg,30-39,Female,Middle Eastern,TRUE
train/188.jpg,9-Mar,Female,Indian,TRUE
train/189.jpg,9-Mar,Female,East Asian,FALSE
train/190.jpg,19-Oct,Male,East Asian,TRUE
train/191.jpg,20-29,Female,East Asian,TRUE
train/192.jpg,19-Oct,Female,White,FALSE
train/193.jpg,60-69,Male,White,FALSE
train/194.jpg,20-29,Male,East Asian,TRUE
train/195.jpg,40-49,Male,Black,TRUE
train/196.jpg,20-29,Female,Middle Eastern,TRUE
train/197.jpg,40-49,Female,White,FALSE
train/198.jpg,19-Oct,Female,Indian,FALSE
train/199.jpg,20-29,Female,Latino_Hispanic,FALSE
train/200.jpg,19-Oct,Male,Indian,TRUE
train/201.jpg,40-49,Female,Latino_Hispanic,TRUE
train/202.jpg,40-49,Male,Black,FALSE
train/203.jpg,20-29,Male,White,TRUE
train/204.jpg,20-29,Female,East Asian,FALSE
train/205.jpg,9-Mar,Female,Southeast Asian,TRUE
train/206.jpg,50-59,Female,White,FALSE
train/207.jpg,20-29,Female,Middle Eastern,TRUE
train/208.jpg,30-39,Female,Indian,FALSE
train/209.jpg,30-39,Female,Black,FALSE
train/210.jpg,9-Mar,Male,Black,FALSE
train/211.jpg,20-29,Male,Southeast Asian,TRUE
train/212.jpg,9-Mar,Male,East Asian,TRUE
train/213.jpg,50-59,Male,White,FALSE
train/214.jpg,50-59,Male,White,FALSE
train/215.jpg,30-39,Female,Black,TRUE
train/216.jpg,50-59,Male,Black,FALSE
train/217.jpg,40-49,Male,Indian,FALSE
train/218.jpg,30-39,Female,Middle Eastern,TRUE
train/219.jpg,30-39,Female,Southeast Asian,FALSE
train/220.jpg,9-Mar,Male,Latino_Hispanic,TRUE
train/221.jpg,9-Mar,Female,White,FALSE
train/222.jpg,30-39,Male,Middle Eastern,TRUE
train/223.jpg,50-59,Male,Latino_Hispanic,FALSE
train/224.jpg,40-49,Female,Latino_Hispanic,TRUE
train/225.jpg,40-49,Male,Middle Eastern,FALSE
train/226.jpg,20-29,Female,Southeast Asian,FALSE
train/227.jpg,30-39,Male,Middle Eastern,FALSE
train/228.jpg,20-29,Female,Indian,TRUE
train/229.jpg,30-39,Male,Latino_Hispanic,TRUE
train/230.jpg,50-59,Male,White,TRUE
train/231.jpg,30-39,Male,Southeast Asian,FALSE
train/232.jpg,50-59,Male,Middle Eastern,FALSE
train/233.jpg,20-29,Male,Middle Eastern,TRUE
train/234.jpg,40-49,Male,White,FALSE
train/235.jpg,20-29,Female,East Asian,FALSE
train/236.jpg,20-29,Female,Southeast Asian,FALSE
train/237.jpg,30-39,Male,Indian,TRUE
train/238.jpg,30-39,Male,Southeast Asian,TRUE
train/239.jpg,30-39,Female,White,TRUE
train/240.jpg,20-29,Female,Indian,FALSE
train/241.jpg,30-39,Male,White,FALSE
train/242.jpg,20-29,Female,Indian,TRUE
train/243.jpg,40-49,Female,Southeast Asian,TRUE
train/244.jpg,40-49,Female,Black,TRUE
train/245.jpg,20-29,Female,Southeast Asian,FALSE
train/246.jpg,20-29,Male,White,FALSE
train/247.jpg,20-29,Female,Indian,TRUE
train/248.jpg,9-Mar,Male,Black,FALSE
train/249.jpg,19-Oct,Male,Indian,FALSE
train/250.jpg,30-39,Female,East Asian,FALSE
train/251.jpg,9-Mar,Male,Black,TRUE
train/252.jpg,20-29,Female,East Asian,FALSE
train/253.jpg,9-Mar,Male,Southeast Asian,TRUE
train/254.jpg,9-Mar,Male,Latino_Hispanic,FALSE
train/255.jpg,more than 70,Female,Southeast Asian,FALSE
train/256.jpg,9-Mar,Male,East Asian,FALSE
train/257.jpg,19-Oct,Female,Latino_Hispanic,FALSE
train/258.jpg,9-Mar,Male,Southeast Asian,TRUE
train/259.jpg,19-Oct,Female,Latino_Hispanic,TRUE
train/260.jpg,20-29,Male,Black,TRUE
train/261.jpg,30-39,Male,Latino_Hispanic,FALSE
train/262.jpg,9-Mar,Male,Black,FALSE
train/263.jpg,40-49,Female,Black,FALSE
train/264.jpg,19-Oct,Male,Southeast Asian,FALSE
train/265.jpg,30-39,Female,White,FALSE
train/266.jpg,19-Oct,Male,Latino_Hispanic,TRUE
train/267.jpg,40-49,Male,Black,TRUE
train/268.jpg,20-29,Male,Latino_Hispanic,TRUE
train/269.jpg,20-29,Female,Southeast Asian,FALSE
train/270.jpg,20-29,Female,Latino_Hispanic,FALSE
train/271.jpg,20-29,Female,Southeast Asian,TRUE
train/272.jpg,40-49,Male,White,FALSE
train/273.jpg,30-39,Male,Indian,TRUE
train/274.jpg,30-39,Male,Black,TRUE
train/275.jpg,19-Oct,Male,Black,TRUE
train/276.jpg,9-Mar,Male,Black,FALSE
train/277.jpg,9-Mar,Male,Indian,TRUE
train/278.jpg,9-Mar,Female,White,TRUE
train/279.jpg,20-29,Female,Latino_Hispanic,TRUE
train/280.jpg,30-39,Male,White,FALSE
train/281.jpg,30-39,Male,Indian,FALSE
train/282.jpg,40-49,Female,Black,TRUE
train/283.jpg,40-49,Male,East Asian,TRUE
train/284.jpg,19-Oct,Female,Latino_Hispanic,TRUE
train/285.jpg,30-39,Male,White,FALSE
train/286.jpg,20-29,Male,Southeast Asian,TRUE
train/287.jpg,9-Mar,Male,Black,FALSE
train/288.jpg,20-29,Female,East Asian,FALSE
train/289.jpg,30-39,Female,Black,FALSE
train/290.jpg,19-Oct,Male,East Asian,TRUE
train/291.jpg,50-59,Male,Latino_Hispanic,TRUE
train/292.jpg,20-29,Female,White,FALSE
train/293.jpg,19-Oct,Male,Black,TRUE
train/294.jpg,9-Mar,Female,Southeast Asian,FALSE
train/295.jpg,30-39,Male,Latino_Hispanic,FALSE
train/296.jpg,20-29,Female,Latino_Hispanic,FALSE
train/297.jpg,30-39,Female,Southeast Asian,TRUE
train/298.jpg,20-29,Male,White,TRUE
train/299.jpg,40-49,Male,White,FALSE
train/300.jpg,9-Mar,Female,Black,FALSE
train/301.jpg,30-39,Male,Middle Eastern,FALSE
train/302.jpg,9-Mar,Female,Black,FALSE
train/303.jpg,20-29,Female,White,TRUE
train/304.jpg,9-Mar,Female,Middle Eastern,TRUE
train/305.jpg,30-39,Female,Indian,FALSE
train/306.jpg,50-59,Male,Latino_Hispanic,FALSE
train/307.jpg,30-39,Female,East Asian,TRUE
train/308.jpg,20-29,Male,Middle Eastern,TRUE
train/309.jpg,40-49,Female,White,TRUE
train/310.jpg,30-39,Male,Middle Eastern,FALSE
train/311.jpg,20-29,Female,East Asian,FALSE
train/312.jpg,20-29,Female,Middle Eastern,TRUE
train/313.jpg,20-29,Male,Black,TRUE
train/314.jpg,40-49,Male,Black,TRUE
train/315.jpg,30-39,Male,Indian,TRUE
train/316.jpg,30-39,Male,Latino_Hispanic,FALSE
train/317.jpg,30-39,Female,Southeast Asian,TRUE
train/318.jpg,40-49,Male,White,FALSE
train/319.jpg,19-Oct,Female,Indian,TRUE
train/320.jpg,20-29,Female,East Asian,FALSE
train/321.jpg,9-Mar,Female,Indian,FALSE
train/322.jpg,20-29,Female,White,TRUE
train/323.jpg,60-69,Male,White,FALSE
train/324.jpg,40-49,Female,Latino_Hispanic,FALSE
train/325.jpg,30-39,Female,East Asian,TRUE
train/326.jpg,40-49,Male,East Asian,TRUE
train/327.jpg,9-Mar,Male,Black,FALSE
train/328.jpg,50-59,Male,Indian,FALSE
train/329.jpg,30-39,Male,East Asian,FALSE
train/330.jpg,20-29,Female,East Asian,FALSE
train/331.jpg,20-29,Female,White,FALSE
train/332.jpg,40-49,Female,Latino_Hispanic,TRUE
train/333.jpg,20-29,Male,White,TRUE
train/334.jpg,40-49,Male,White,FALSE
train/335.jpg,20-29,Female,East Asian,FALSE
train/336.jpg,30-39,Female,Latino_Hispanic,TRUE
train/337.jpg,50-59,Male,White,FALSE
train/338.jpg,9-Mar,Male,Indian,TRUE
train/339.jpg,20-29,Female,White,FALSE
train/340.jpg,9-Mar,Male,White,FALSE
train/341.jpg,20-29,Female,Southeast Asian,FALSE
train/342.jpg,40-49,Female,Indian,TRUE
train/343.jpg,20-29,Male,Indian,TRUE
train/344.jpg,9-Mar,Female,Middle Eastern,TRUE
train/345.jpg,20-29,Male,Latino_Hispanic,TRUE
train/346.jpg,30-39,Female,White,FALSE
train/347.jpg,20-29,Male,Southeast Asian,FALSE
train/348.jpg,0-2,Female,White,FALSE
train/349.jpg,40-49,Male,Indian,FALSE
train/350.jpg,20-29,Male,Middle Eastern,TRUE
train/351.jpg,30-39,Male,White,TRUE
train/352.jpg,50-59,Male,Black,TRUE
train/353.jpg,50-59,Male,East Asian,TRUE
train/354.jpg,50-59,Male,Latino_Hispanic,FALSE
train/355.jpg,30-39,Female,East Asian,TRUE
train/356.jpg,0-2,Female,Southeast Asian,FALSE
train/357.jpg,30-39,Male,East Asian,FALSE
train/358.jpg,20-29,Female,East Asian,TRUE
train/359.jpg,20-29,Female,White,FALSE
train/360.jpg,19-Oct,Male,Southeast Asian,TRUE
train/361.jpg,30-39,Female,Latino_Hispanic,FALSE
train/362.jpg,9-Mar,Male,Middle Eastern,TRUE
train/363.jpg,30-39,Male,Southeast Asian,FALSE
train/364.jpg,9-Mar,Female,Indian,FALSE
train/365.jpg,19-Oct,Male,Indian,TRUE
train/366.jpg,20-29,Female,Latino_Hispanic,FALSE
train/367.jpg,30-39,Male,Middle Eastern,TRUE
train/368.jpg,20-29,Female,Indian,FALSE
train/369.jpg,40-49,Female,East Asian,TRUE
train/370.jpg,30-39,Male,Black,FALSE
train/371.jpg,50-59,Male,Latino_Hispanic,FALSE
train/372.jpg,30-39,Male,Middle Eastern,FALSE
train/373.jpg,30-39,Male,East Asian,FALSE
train/374.jpg,20-29,Female,Southeast Asian,FALSE
train/375.jpg,30-39,Male,Indian,TRUE
train/376.jpg,20-29,Male,Black,TRUE
train/377.jpg,50-59,Female,Latino_Hispanic,TRUE
train/378.jpg,30-39,Male,Southeast Asian,TRUE
train/379.jpg,50-59,Male,Latino_Hispanic,FALSE
train/380.jpg,40-49,Female,White,TRUE
train/381.jpg,30-39,Female,Middle Eastern,TRUE
train/382.jpg,30-39,Female,East Asian,FALSE
train/383.jpg,30-39,Female,East Asian,FALSE
train/384.jpg,20-29,Female,Black,TRUE
train/385.jpg,40-49,Male,Middle Eastern,FALSE
train/386.jpg,20-29,Male,East Asian,FALSE
train/387.jpg,30-39,Male,Middle Eastern,TRUE
train/388.jpg,19-Oct,Female,Black,TRUE
train/389.jpg,30-39,Female,East Asian,TRUE
train/390.jpg,20-29,Male,East Asian,FALSE
train/391.jpg,9-Mar,Female,East Asian,FALSE
train/392.jpg,19-Oct,Male,Black,TRUE
train/393.jpg,19-Oct,Female,Indian,FALSE
train/394.jpg,9-Mar,Male,Latino_Hispanic,FALSE
train/395.jpg,50-59,Male,Middle Eastern,FALSE
train/396.jpg,20-29,Female,White,TRUE
train/397.jpg,0-2,Male,Middle Eastern,FALSE
train/398.jpg,50-59,Male,East Asian,TRUE
train/399.jpg,19-Oct,Female,Middle Eastern,TRUE
train/400.jpg,20-29,Male,Black,TRUE
train/401.jpg,40-49,Male,Indian,TRUE
train/402.jpg,30-39,Male,Latino_Hispanic,TRUE
train/403.jpg,30-39,Male,Indian,TRUE
train/404.jpg,30-39,Male,Indian,FALSE
train/405.jpg,20-29,Female,Latino_Hispanic,TRUE
train/406.jpg,60-69,Male,White,FALSE
train/407.jpg,20-29,Female,Latino_Hispanic,FALSE
train/408.jpg,19-Oct,Male,Latino_Hispanic,FALSE
train/409.jpg,30-39,Female,White,FALSE
train/410.jpg,20-29,Male,Latino_Hispanic,TRUE
train/411.jpg,20-29,Female,Latino_Hispanic,FALSE
train/412.jpg,9-Mar,Male,East Asian,FALSE
train/413.jpg,30-39,Female,White,FALSE
train/414.jpg,9-Mar,Male,Black,FALSE
train/415.jpg,30-39,Male,Indian,TRUE
train/416.jpg,9-Mar,Female,Southeast Asian,FALSE
train/417.jpg,9-Mar,Male,Middle Eastern,TRUE
train/418.jpg,more than 70,Male,Middle Eastern,FALSE
train/419.jpg,30-39,Male,White,FALSE
train/420.jpg,40-49,Female,White,FALSE
train/421.jpg,19-Oct,Male,Southeast Asian,TRUE
train/422.jpg,19-Oct,Male,East Asian,TRUE
train/423.jpg,20-29,Male,Latino_Hispanic,TRUE
train/424.jpg,9-Mar,Female,Black,TRUE
train/425.jpg,20-29,Male,Indian,FALSE
train/426.jpg,20-29,Female,Southeast Asian,TRUE
train/427.jpg,30-39,Female,White,FALSE
train/428.jpg,20-29,Male,Southeast Asian,TRUE
train/429.jpg,30-39,Female,White,FALSE
train/430.jpg,20-29,Female,Latino_Hispanic,TRUE
train/431.jpg,20-29,Female,Latino_Hispanic,TRUE
train/432.jpg,60-69,Male,Indian,TRUE
train/433.jpg,19-Oct,Female,Black,FALSE
train/434.jpg,30-39,Female,White,FALSE
train/435.jpg,30-39,Female,Latino_Hispanic,FALSE
train/436.jpg,20-29,Male,Middle Eastern,TRUE
train/437.jpg,0-2,Male,Indian,FALSE
train/438.jpg,20-29,Female,Middle Eastern,TRUE
train/439.jpg,20-29,Female,Indian,TRUE
train/440.jpg,40-49,Female,Black,FALSE
train/441.jpg,20-29,Female,White,TRUE
train/442.jpg,20-29,Female,Latino_Hispanic,TRUE
train/443.jpg,40-49,Male,White,FALSE
train/444.jpg,20-29,Male,White,TRUE
train/445.jpg,20-29,Female,Indian,TRUE
train/446.jpg,20-29,Male,East Asian,TRUE
train/447.jpg,40-49,Female,Black,FALSE
train/448.jpg,more than 70,Male,Latino_Hispanic,FALSE
train/449.jpg,30-39,Male,East Asian,TRUE
train/450.jpg,19-Oct,Male,Southeast Asian,FALSE
train/451.jpg,9-Mar,Female,East Asian,TRUE
train/452.jpg,20-29,Female,East Asian,FALSE
train/453.jpg,40-49,Female,Southeast Asian,FALSE
train/454.jpg,20-29,Female,White,FALSE
train/455.jpg,20-29,Male,White,TRUE
train/456.jpg,60-69,Male,White,FALSE
train/457.jpg,20-29,Male,Black,TRUE
train/458.jpg,0-2,Female,Latino_Hispanic,FALSE
train/459.jpg,19-Oct,Female,White,FALSE
train/460.jpg,9-Mar,Female,East Asian,FALSE
train/461.jpg,20-29,Male,East Asian,FALSE
train/462.jpg,20-29,Female,East Asian,TRUE
train/463.jpg,50-59,Male,Middle Eastern,FALSE
train/464.jpg,9-Mar,Male,Black,TRUE
train/465.jpg,30-39,Male,East Asian,TRUE
train/466.jpg,30-39,Female,Southeast Asian,FALSE
train/467.jpg,20-29,Female,Indian,FALSE
train/468.jpg,9-Mar,Male,White,TRUE
train/469.jpg,9-Mar,Male,Middle Eastern,TRUE
train/470.jpg,9-Mar,Male,Southeast Asian,TRUE
train/471.jpg,19-Oct,Female,Latino_Hispanic,TRUE
train/472.jpg,20-29,Male,Middle Eastern,TRUE
train/473.jpg,20-29,Female,East Asian,TRUE
train/474.jpg,40-49,Male,White,FALSE
train/475.jpg,20-29,Female,White,TRUE
train/476.jpg,20-29,Female,White,TRUE
train/477.jpg,30-39,Male,Latino_Hispanic,FALSE
train/478.jpg,20-29,Male,Indian,TRUE
train/479.jpg,9-Mar,Female,Latino_Hispanic,TRUE
train/480.jpg,30-39,Female,White,TRUE
train/481.jpg,50-59,Female,East Asian,TRUE
train/482.jpg,20-29,Female,White,FALSE
train/483.jpg,30-39,Male,Middle Eastern,TRUE
train/484.jpg,20-29,Male,Latino_Hispanic,TRUE
train/485.jpg,19-Oct,Female,Black,FALSE
train/486.jpg,19-Oct,Female,Indian,TRUE
train/487.jpg,30-39,Female,Middle Eastern,TRUE
train/488.jpg,30-39,Female,Black,FALSE
train/489.jpg,30-39,Female,Black,TRUE
train/490.jpg,30-39,Female,East Asian,FALSE
train/491.jpg,20-29,Male,Middle Eastern,TRUE
train/492.jpg,30-39,Male,Black,FALSE
train/493.jpg,19-Oct,Female,East Asian,TRUE
train/494.jpg,30-39,Female,Latino_Hispanic,TRUE
train/495.jpg,30-39,Male,White,FALSE
train/496.jpg,30-39,Female,Southeast Asian,FALSE
train/497.jpg,20-29,Female,East Asian,FALSE
train/498.jpg,30-39,Male,Latino_Hispanic,TRUE
train/499.jpg,40-49,Female,East Asian,TRUE
train/500.jpg,40-49,Male,Southeast Asian,FALSE
train/501.jpg,9-Mar,Male,White,FALSE
train/502.jpg,0-2,Female,White,FALSE
train/503.jpg,9-Mar,Female,Latino_Hispanic,TRUE
train/504.jpg,20-29,Female,East Asian,FALSE
train/505.jpg,9-Mar,Male,East Asian,FALSE
train/506.jpg,0-2,Female,Indian,TRUE
train/507.jpg,30-39,Male,White,FALSE
train/508.jpg,9-Mar,Female,Indian,FALSE
train/509.jpg,19-Oct,Female,East Asian,TRUE
train/510.jpg,9-Mar,Male,East Asian,TRUE
train/511.jpg,30-39,Male,White,FALSE
train/512.jpg,19-Oct,Female,East Asian,TRUE
train/513.jpg,19-Oct,Male,Southeast Asian,FALSE
train/514.jpg,20-29,Female,White,FALSE
train/515.jpg,60-69,Male,White,FALSE
train/516.jpg,9-Mar,Male,Black,FALSE
train/517.jpg,19-Oct,Female,Black,FALSE
train/518.jpg,9-Mar,Male,East Asian,FALSE
train/519.jpg,20-29,Female,Latino_Hispanic,TRUE
train/520.jpg,20-29,Male,White,TRUE
train/521.jpg,20-29,Male,Latino_Hispanic,TRUE
train/522.jpg,20-29,Male,Indian,TRUE
train/523.jpg,20-29,Female,White,TRUE
train/524.jpg,30-39,Female,White,FALSE
train/525.jpg,40-49,Male,Black,TRUE
train/526.jpg,40-49,Female,Black,TRUE
train/527.jpg,20-29,Male,Black,TRUE
train/528.jpg,30-39,Male,White,TRUE
train/529.jpg,19-Oct,Female,Southeast Asian,FALSE
train/530.jpg,20-29,Female,Latino_Hispanic,FALSE
train/531.jpg,9-Mar,Male,Black,FALSE
train/532.jpg,20-29,Female,Latino_Hispanic,FALSE
train/533.jpg,20-29,Female,Black,TRUE
train/534.jpg,40-49,Male,Southeast Asian,FALSE
train/535.jpg,30-39,Female,Black,TRUE
train/536.jpg,30-39,Male,East Asian,TRUE
train/537.jpg,40-49,Male,Middle Eastern,TRUE
train/538.jpg,50-59,Female,White,FALSE
train/539.jpg,20-29,Male,East Asian,FALSE
train/540.jpg,40-49,Male,Black,FALSE
train/541.jpg,9-Mar,Male,Latino_Hispanic,FALSE
train/542.jpg,30-39,Male,Latino_Hispanic,TRUE
train/543.jpg,30-39,Male,White,FALSE
train/544.jpg,20-29,Female,Indian,TRUE
train/545.jpg,30-39,Female,Latino_Hispanic,FALSE
train/546.jpg,40-49,Male,Indian,TRUE
train/547.jpg,30-39,Male,Latino_Hispanic,FALSE
train/548.jpg,19-Oct,Female,Southeast Asian,FALSE
train/549.jpg,30-39,Male,Latino_Hispanic,FALSE
train/550.jpg,50-59,Male,Latino_Hispanic,FALSE
train/551.jpg,20-29,Male,Latino_Hispanic,FALSE
train/552.jpg,40-49,Male,Southeast Asian,TRUE
train/553.jpg,20-29,Male,White,FALSE
train/554.jpg,20-29,Female,Indian,TRUE
train/555.jpg,50-59,Male,White,FALSE
train/556.jpg,60-69,Male,Latino_Hispanic,FALSE
train/557.jpg,30-39,Male,Latino_Hispanic,FALSE
train/558.jpg,9-Mar,Male,Indian,FALSE
train/559.jpg,30-39,Female,White,FALSE
train/560.jpg,40-49,Female,White,TRUE
train/561.jpg,0-2,Male,White,FALSE
train/562.jpg,30-39,Female,Middle Eastern,TRUE
train/563.jpg,19-Oct,Female,White,TRUE
train/564.jpg,20-29,Female,Black,FALSE
train/565.jpg,30-39,Male,Black,TRUE
train/566.jpg,19-Oct,Female,East Asian,TRUE
train/567.jpg,50-59,Female,Indian,FALSE
train/568.jpg,30-39,Female,White,FALSE
train/569.jpg,50-59,Male,Indian,FALSE
train/570.jpg,50-59,Male,Middle Eastern,FALSE
train/571.jpg,50-59,Male,White,FALSE
train/572.jpg,30-39,Male,Black,TRUE
train/573.jpg,9-Mar,Male,Southeast Asian,FALSE
train/574.jpg,9-Mar,Female,Southeast Asian,FALSE
train/575.jpg,19-Oct,Female,Middle Eastern,TRUE
train/576.jpg,40-49,Female,Latino_Hispanic,FALSE
train/577.jpg,30-39,Male,Latino_Hispanic,TRUE
train/578.jpg,30-39,Male,White,FALSE
train/579.jpg,9-Mar,Male,Latino_Hispanic,FALSE
train/580.jpg,20-29,Male,Indian,TRUE
train/581.jpg,9-Mar,Male,East Asian,FALSE
train/582.jpg,19-Oct,Male,Southeast Asian,TRUE
train/583.jpg,9-Mar,Female,East Asian,FALSE
train/584.jpg,40-49,Male,East Asian,TRUE
train/585.jpg,19-Oct,Male,Latino_Hispanic,FALSE
train/586.jpg,20-29,Female,Black,TRUE
train/587.jpg,40-49,Male,White,FALSE
train/588.jpg,19-Oct,Female,Indian,TRUE
train/589.jpg,19-Oct,Female,Black,FALSE
train/590.jpg,50-59,Female,Southeast Asian,FALSE
train/591.jpg,50-59,Male,Latino_Hispanic,FALSE
train/592.jpg,19-Oct,Male,Black,TRUE
train/593.jpg,30-39,Female,Latino_Hispanic,FALSE
train/594.jpg,19-Oct,Female,Latino_Hispanic,FALSE
train/595.jpg,30-39,Female,Black,FALSE
train/596.jpg,9-Mar,Female,Southeast Asian,FALSE
train/597.jpg,40-49,Male,Latino_Hispanic,FALSE
train/598.jpg,20-29,Male,White,TRUE
train/599.jpg,9-Mar,Male,East Asian,FALSE
train/600.jpg,20-29,Male,Indian,TRUE
train/601.jpg,20-29,Female,Southeast Asian,FALSE
train/602.jpg,50-59,Female,White,FALSE
train/603.jpg,20-29,Female,Indian,TRUE
train/604.jpg,40-49,Male,Latino_Hispanic,FALSE
train/605.jpg,30-39,Male,Black,FALSE
train/606.jpg,20-29,Female,Middle Eastern,TRUE
train/607.jpg,9-Mar,Female,Southeast Asian,TRUE
train/608.jpg,20-29,Female,Latino_Hispanic,FALSE
train/609.jpg,40-49,Male,Black,TRUE
train/610.jpg,40-49,Male,Middle Eastern,TRUE
train/611.jpg,50-59,Male,Middle Eastern,FALSE
train/612.jpg,20-29,Female,White,FALSE
train/613.jpg,20-29,Male,Latino_Hispanic,TRUE
train/614.jpg,30-39,Female,Latino_Hispanic,TRUE
train/615.jpg,40-49,Female,East Asian,TRUE
train/616.jpg,30-39,Female,Indian,FALSE
train/617.jpg,40-49,Male,Latino_Hispanic,TRUE
train/618.jpg,40-49,Male,Southeast Asian,TRUE
train/619.jpg,60-69,Female,East Asian,FALSE
train/620.jpg,40-49,Female,Black,TRUE
train/621.jpg,19-Oct,Male,Southeast Asian,FALSE
train/622.jpg,20-29,Female,Southeast Asian,FALSE
train/623.jpg,30-39,Female,East Asian,FALSE
train/624.jpg,30-39,Female,Indian,FALSE
train/625.jpg,20-29,Female,Latino_Hispanic,FALSE
train/626.jpg,20-29,Male,Southeast Asian,TRUE
train/627.jpg,20-29,Female,East Asian,TRUE
train/628.jpg,30-39,Female,Middle Eastern,TRUE
train/629.jpg,30-39,Female,Southeast Asian,TRUE
train/630.jpg,40-49,Female,Latino_Hispanic,FALSE
train/631.jpg,30-39,Female,Latino_Hispanic,FALSE
train/632.jpg,9-Mar,Female,Southeast Asian,TRUE
train/633.jpg,19-Oct,Male,Latino_Hispanic,FALSE
train/634.jpg,20-29,Male,East Asian,TRUE
train/635.jpg,9-Mar,Male,Southeast Asian,TRUE
train/636.jpg,20-29,Female,Indian,TRUE
train/637.jpg,30-39,Male,Latino_Hispanic,FALSE
train/638.jpg,19-Oct,Female,East Asian,TRUE
train/639.jpg,20-29,Male,Latino_Hispanic,TRUE
train/640.jpg,20-29,Female,White,FALSE
train/641.jpg,9-Mar,Male,East Asian,FALSE
train/642.jpg,20-29,Male,Indian,TRUE
train/643.jpg,30-39,Male,Latino_Hispanic,FALSE
train/644.jpg,30-39,Male,White,FALSE
train/645.jpg,20-29,Female,Black,TRUE
train/646.jpg,30-39,Male,Latino_Hispanic,TRUE
train/647.jpg,40-49,Male,Middle Eastern,TRUE
train/648.jpg,30-39,Male,Middle Eastern,FALSE
train/649.jpg,20-29,Male,White,TRUE
train/650.jpg,19-Oct,Female,Indian,FALSE
train/651.jpg,40-49,Female,Indian,TRUE
train/652.jpg,30-39,Female,White,FALSE
train/653.jpg,40-49,Female,East Asian,FALSE
train/654.jpg,50-59,Male,Black,FALSE
train/655.jpg,19-Oct,Male,Indian,FALSE
train/656.jpg,30-39,Male,White,FALSE
train/657.jpg,30-39,Male,Latino_Hispanic,FALSE
train/658.jpg,30-39,Male,Indian,TRUE
train/659.jpg,50-59,Male,Latino_Hispanic,FALSE
train/660.jpg,9-Mar,Male,East Asian,TRUE
train/661.jpg,30-39,Female,Southeast Asian,TRUE
train/662.jpg,40-49,Female,White,FALSE
train/663.jpg,30-39,Male,White,FALSE
train/664.jpg,19-Oct,Male,Latino_Hispanic,TRUE
train/665.jpg,20-29,Female,White,FALSE
train/666.jpg,30-39,Female,White,FALSE
train/667.jpg,20-29,Male,White,TRUE
train/668.jpg,30-39,Male,Middle Eastern,FALSE
train/669.jpg,40-49,Male,Middle Eastern,TRUE
train/670.jpg,20-29,Male,Indian,FALSE
train/671.jpg,50-59,Male,Latino_Hispanic,FALSE
train/672.jpg,30-39,Male,White,FALSE
train/673.jpg,20-29,Female,Indian,TRUE
train/674.jpg,9-Mar,Male,Southeast Asian,TRUE
train/675.jpg,40-49,Female,Black,TRUE
train/676.jpg,50-59,Male,Indian,FALSE
train/677.jpg,30-39,Male,Indian,FALSE
train/678.jpg,50-59,Female,Latino_Hispanic,FALSE
train/679.jpg,40-49,Male,Middle Eastern,FALSE
train/680.jpg,19-Oct,Female,Black,FALSE
train/681.jpg,20-29,Female,Southeast Asian,TRUE
train/682.jpg,20-29,Female,Latino_Hispanic,TRUE
train/683.jpg,20-29,Female,Southeast Asian,TRUE
train/684.jpg,40-49,Female,Black,FALSE
train/685.jpg,30-39,Female,Southeast Asian,TRUE
train/686.jpg,19-Oct,Female,Latino_Hispanic,FALSE
train/687.jpg,30-39,Female,White,TRUE
train/688.jpg,20-29,Male,Southeast Asian,TRUE
train/689.jpg,19-Oct,Female,Latino_Hispanic,FALSE
train/690.jpg,40-49,Female,White,FALSE
train/691.jpg,50-59,Male,White,FALSE
train/692.jpg,20-29,Male,East Asian,FALSE
train/693.jpg,20-29,Male,Middle Eastern,FALSE
train/694.jpg,40-49,Female,Middle Eastern,TRUE
train/695.jpg,40-49,Male,Indian,TRUE
train/696.jpg,20-29,Male,Middle Eastern,TRUE
train/697.jpg,40-49,Male,Latino_Hispanic,FALSE
train/698.jpg,19-Oct,Female,White,TRUE
train/699.jpg,40-49,Male,White,FALSE
train/700.jpg,30-39,Female,Southeast Asian,FALSE
train/701.jpg,40-49,Male,Indian,FALSE
train/702.jpg,30-39,Male,Black,FALSE
train/703.jpg,9-Mar,Female,Latino_Hispanic,FALSE
train/704.jpg,19-Oct,Female,East Asian,FALSE
train/705.jpg,20-29,Male,Middle Eastern,TRUE
train/706.jpg,20-29,Male,White,TRUE
train/707.jpg,30-39,Female,Southeast Asian,TRUE
train/708.jpg,20-29,Male,Latino_Hispanic,TRUE
train/709.jpg,40-49,Male,Middle Eastern,FALSE
train/710.jpg,40-49,Male,Latino_Hispanic,FALSE
train/711.jpg,20-29,Female,White,TRUE
train/712.jpg,40-49,Male,White,FALSE
train/713.jpg,20-29,Female,Middle Eastern,TRUE
train/714.jpg,60-69,Female,Black,TRUE
train/715.jpg,30-39,Male,Indian,FALSE
train/716.jpg,19-Oct,Male,Latino_Hispanic,TRUE
train/717.jpg,20-29,Male,White,TRUE
train/718.jpg,more than 70,Male,Middle Eastern,FALSE
train/719.jpg,20-29,Male,White,TRUE
train/720.jpg,more than 70,Female,Southeast Asian,TRUE
train/721.jpg,30-39,Male,East Asian,TRUE
train/722.jpg,9-Mar,Female,Black,TRUE
train/723.jpg,20-29,Female,White,FALSE
train/724.jpg,9-Mar,Male,Middle Eastern,TRUE
train/725.jpg,0-2,Female,White,FALSE
train/726.jpg,9-Mar,Male,White,FALSE
train/727.jpg,19-Oct,Female,Middle Eastern,TRUE
train/728.jpg,30-39,Female,Southeast Asian,TRUE
train/729.jpg,20-29,Male,Indian,FALSE
train/730.jpg,60-69,Female,Latino_Hispanic,FALSE
train/731.jpg,19-Oct,Male,Southeast Asian,FALSE
train/732.jpg,20-29,Female,Indian,TRUE
train/733.jpg,20-29,Female,Indian,TRUE
train/734.jpg,20-29,Male,Indian,TRUE
train/735.jpg,0-2,Male,East Asian,FALSE
train/736.jpg,20-29,Male,White,TRUE
train/737.jpg,9-Mar,Female,Indian,FALSE
train/738.jpg,40-49,Male,Latino_Hispanic,TRUE
train/739.jpg,20-29,Female,Black,TRUE
train/740.jpg,20-29,Female,Black,TRUE
train/741.jpg,19-Oct,Female,Latino_Hispanic,TRUE
train/742.jpg,40-49,Male,Middle Eastern,FALSE
train/743.jpg,40-49,Male,White,FALSE
train/744.jpg,40-49,Male,White,FALSE
train/745.jpg,20-29,Female,Southeast Asian,TRUE
train/746.jpg,40-49,Female,Latino_Hispanic,TRUE
train/747.jpg,9-Mar,Male,Indian,FALSE
train/748.jpg,20-29,Female,East Asian,TRUE
train/749.jpg,20-29,Female,Black,FALSE
train/750.jpg,9-Mar,Male,Latino_Hispanic,TRUE
train/751.jpg,9-Mar,Male,White,FALSE
train/752.jpg,19-Oct,Male,Southeast Asian,FALSE
train/753.jpg,20-29,Female,East Asian,TRUE
train/754.jpg,19-Oct,Male,Middle Eastern,TRUE
train/755.jpg,60-69,Female,Indian,FALSE
train/756.jpg,9-Mar,Male,Black,TRUE
train/757.jpg,0-2,Female,Indian,FALSE
train/758.jpg,20-29,Female,East Asian,TRUE
train/759.jpg,9-Mar,Male,Indian,FALSE
train/760.jpg,30-39,Female,Latino_Hispanic,FALSE
train/761.jpg,30-39,Male,East Asian,TRUE
train/762.jpg,30-39,Male,Black,FALSE
train/763.jpg,20-29,Female,White,FALSE
train/764.jpg,30-39,Male,White,TRUE
train/765.jpg,30-39,Female,Middle Eastern,TRUE
train/766.jpg,19-Oct,Female,White,TRUE
train/767.jpg,20-29,Male,East Asian,FALSE
train/768.jpg,50-59,Male,White,FALSE
train/769.jpg,30-39,Female,Middle Eastern,TRUE
train/770.jpg,20-29,Male,Latino_Hispanic,FALSE
train/771.jpg,60-69,Female,Latino_Hispanic,FALSE
train/772.jpg,20-29,Male,East Asian,FALSE
train/773.jpg,19-Oct,Female,Middle Eastern,TRUE
train/774.jpg,20-29,Female,Latino_Hispanic,FALSE
train/775.jpg,19-Oct,Male,Latino_Hispanic,FALSE
train/776.jpg,30-39,Male,Black,FALSE
train/777.jpg,20-29,Male,Black,TRUE
train/778.jpg,9-Mar,Female,Latino_Hispanic,TRUE
train/779.jpg,20-29,Male,Middle Eastern,TRUE
train/780.jpg,30-39,Male,Black,TRUE
train/781.jpg,30-39,Male,Latino_Hispanic,FALSE
train/782.jpg,50-59,Male,Latino_Hispanic,FALSE
train/783.jpg,50-59,Male,Black,TRUE
train/784.jpg,20-29,Male,White,FALSE
train/785.jpg,20-29,Female,White,FALSE
train/786.jpg,20-29,Male,East Asian,FALSE
train/787.jpg,40-49,Male,Indian,TRUE
train/788.jpg,30-39,Female,White,TRUE
train/789.jpg,40-49,Male,Indian,FALSE
train/790.jpg,20-29,Male,Black,FALSE
train/791.jpg,9-Mar,Female,White,TRUE
train/792.jpg,30-39,Female,White,FALSE
train/793.jpg,30-39,Female,Southeast Asian,FALSE
train/794.jpg,20-29,Male,White,FALSE
train/795.jpg,9-Mar,Male,Black,FALSE
train/796.jpg,30-39,Male,Southeast Asian,TRUE
train/797.jpg,20-29,Female,Latino_Hispanic,FALSE
train/798.jpg,30-39,Female,Latino_Hispanic,TRUE
train/799.jpg,50-59,Male,Southeast Asian,FALSE
train/800.jpg,9-Mar,Male,Black,FALSE
train/801.jpg,50-59,Male,Black,TRUE
train/802.jpg,19-Oct,Female,Black,FALSE
train/803.jpg,30-39,Female,Black,TRUE
train/804.jpg,19-Oct,Male,East Asian,FALSE
train/805.jpg,9-Mar,Male,White,TRUE
train/806.jpg,30-39,Male,White,TRUE
train/807.jpg,19-Oct,Female,White,FALSE
train/808.jpg,20-29,Male,East Asian,FALSE
train/809.jpg,20-29,Female,East Asian,FALSE
train/810.jpg,40-49,Male,East Asian,FALSE
train/811.jpg,60-69,Female,Latino_Hispanic,FALSE
train/812.jpg,40-49,Male,Middle Eastern,TRUE
train/813.jpg,50-59,Male,Latino_Hispanic,FALSE
train/814.jpg,30-39,Male,White,FALSE
train/815.jpg,20-29,Female,Indian,TRUE
train/816.jpg,9-Mar,Male,Indian,TRUE
train/817.jpg,40-49,Male,Southeast Asian,FALSE
train/818.jpg,30-39,Male,Indian,TRUE
train/819.jpg,50-59,Female,East Asian,TRUE
train/820.jpg,20-29,Male,White,FALSE
train/821.jpg,40-49,Male,Black,TRUE
train/822.jpg,20-29,Female,Middle Eastern,TRUE
train/823.jpg,19-Oct,Female,White,TRUE
train/824.jpg,50-59,Male,White,FALSE
train/825.jpg,9-Mar,Female,Latino_Hispanic,FALSE
train/826.jpg,40-49,Male,East Asian,TRUE
train/827.jpg,30-39,Male,White,FALSE
train/828.jpg,30-39,Male,Black,TRUE
train/829.jpg,30-39,Female,Middle Eastern,TRUE
train/830.jpg,9-Mar,Female,Black,FALSE
train/831.jpg,20-29,Female,Black,TRUE
train/832.jpg,20-29,Female,Southeast Asian,FALSE
train/833.jpg,9-Mar,Male,East Asian,FALSE
train/834.jpg,20-29,Male,Southeast Asian,FALSE
train/835.jpg,20-29,Female,Latino_Hispanic,FALSE
train/836.jpg,9-Mar,Male,Southeast Asian,TRUE
train/837.jpg,40-49,Female,Latino_Hispanic,FALSE
train/838.jpg,20-29,Female,White,FALSE
train/839.jpg,30-39,Male,Middle Eastern,FALSE
train/840.jpg,9-Mar,Male,Middle Eastern,TRUE
train/841.jpg,40-49,Male,Black,FALSE
train/842.jpg,9-Mar,Male,Black,TRUE
train/843.jpg,50-59,Male,Indian,FALSE
train/844.jpg,19-Oct,Male,White,FALSE
train/845.jpg,9-Mar,Female,White,FALSE
train/846.jpg,40-49,Male,Indian,TRUE
train/847.jpg,9-Mar,Female,Latino_Hispanic,FALSE
train/848.jpg,19-Oct,Female,White,TRUE
train/849.jpg,20-29,Female,Black,FALSE
train/850.jpg,9-Mar,Female,Indian,FALSE
train/851.jpg,20-29,Male,Black,TRUE
train/852.jpg,20-29,Female,Black,TRUE
train/853.jpg,19-Oct,Male,Middle Eastern,TRUE
train/854.jpg,30-39,Female,Indian,TRUE
train/855.jpg,20-29,Male,Indian,FALSE
train/856.jpg,40-49,Male,Middle Eastern,FALSE
train/857.jpg,60-69,Female,East Asian,TRUE
train/858.jpg,40-49,Male,Indian,TRUE
train/859.jpg,30-39,Male,Latino_Hispanic,TRUE
train/860.jpg,30-39,Male,Middle Eastern,FALSE
train/861.jpg,30-39,Male,Indian,TRUE
train/862.jpg,30-39,Male,Middle Eastern,FALSE
train/863.jpg,40-49,Female,Indian,TRUE
train/864.jpg,30-39,Female,East Asian,TRUE
train/865.jpg,19-Oct,Male,Black,TRUE
train/866.jpg,20-29,Female,White,TRUE
train/867.jpg,40-49,Male,Indian,TRUE
train/868.jpg,0-2,Female,Indian,FALSE
train/869.jpg,40-49,Female,Indian,TRUE
train/870.jpg,30-39,Female,Black,FALSE
train/871.jpg,9-Mar,Female,Southeast Asian,FALSE
train/872.jpg,20-29,Female,Latino_Hispanic,TRUE
train/873.jpg,19-Oct,Female,Southeast Asian,FALSE
train/874.jpg,20-29,Female,White,FALSE
train/875.jpg,20-29,Female,Indian,FALSE
train/876.jpg,9-Mar,Male,Southeast Asian,TRUE
train/877.jpg,20-29,Female,Southeast Asian,TRUE
train/878.jpg,9-Mar,Male,Black,FALSE
train/879.jpg,30-39,Male,Indian,TRUE
train/880.jpg,20-29,Female,Black,FALSE
train/881.jpg,50-59,Female,East Asian,TRUE
train/882.jpg,50-59,Female,Middle Eastern,TRUE
train/883.jpg,50-59,Female,Black,FALSE
train/884.jpg,9-Mar,Female,Southeast Asian,FALSE
train/885.jpg,60-69,Female,Indian,FALSE
train/886.jpg,40-49,Female,White,FALSE
train/887.jpg,30-39,Male,Southeast Asian,TRUE
train/888.jpg,19-Oct,Female,Black,TRUE
train/889.jpg,20-29,Male,Indian,TRUE
train/890.jpg,60-69,Male,White,FALSE
train/891.jpg,40-49,Female,Middle Eastern,TRUE
train/892.jpg,19-Oct,Male,Indian,FALSE
train/893.jpg,9-Mar,Male,Latino_Hispanic,FALSE
train/894.jpg,40-49,Male,Latino_Hispanic,TRUE
train/895.jpg,20-29,Female,Latino_Hispanic,FALSE
train/896.jpg,40-49,Male,White,FALSE
train/897.jpg,40-49,Female,Black,TRUE
train/898.jpg,9-Mar,Male,Latino_Hispanic,FALSE
train/899.jpg,40-49,Male,White,FALSE
train/900.jpg,40-49,Female,Latino_Hispanic,TRUE
train/901.jpg,20-29,Female,Black,FALSE
train/902.jpg,9-Mar,Male,Southeast Asian,FALSE
train/903.jpg,40-49,Male,White,TRUE
train/904.jpg,30-39,Male,Latino_Hispanic,FALSE
train/905.jpg,30-39,Male,Latino_Hispanic,FALSE
train/906.jpg,40-49,Female,Southeast Asian,TRUE
train/907.jpg,30-39,Male,Southeast Asian,FALSE
train/908.jpg,19-Oct,Female,Middle Eastern,TRUE
train/909.jpg,30-39,Female,White,FALSE
train/910.jpg,20-29,Female,East Asian,TRUE
train/911.jpg,30-39,Male,Black,FALSE
train/912.jpg,9-Mar,Male,Indian,FALSE
train/913.jpg,20-29,Male,Latino_Hispanic,TRUE
train/914.jpg,40-49,Male,White,FALSE
train/915.jpg,40-49,Male,Latino_Hispanic,FALSE
train/916.jpg,40-49,Female,White,FALSE
train/917.jpg,60-69,Female,Latino_Hispanic,FALSE
train/918.jpg,20-29,Female,White,FALSE
train/919.jpg,20-29,Female,Black,TRUE
train/920.jpg,9-Mar,Male,Black,FALSE
train/921.jpg,50-59,Female,Latino_Hispanic,FALSE
train/922.jpg,9-Mar,Male,Black,FALSE
train/923.jpg,30-39,Male,Black,TRUE
train/924.jpg,9-Mar,Female,Southeast Asian,TRUE
train/925.jpg,40-49,Male,White,FALSE
train/926.jpg,30-39,Male,Southeast Asian,TRUE
train/927.jpg,20-29,Male,Latino_Hispanic,FALSE
train/928.jpg,40-49,Male,Latino_Hispanic,FALSE
train/929.jpg,50-59,Male,Latino_Hispanic,FALSE
train/930.jpg,20-29,Female,Latino_Hispanic,FALSE
train/931.jpg,19-Oct,Male,White,TRUE
train/932.jpg,30-39,Female,White,TRUE
train/933.jpg,19-Oct,Female,White,TRUE
train/934.jpg,20-29,Female,Latino_Hispanic,TRUE
train/935.jpg,50-59,Male,Indian,FALSE
train/936.jpg,20-29,Female,Southeast Asian,TRUE
train/937.jpg,50-59,Female,Latino_Hispanic,TRUE
train/938.jpg,9-Mar,Male,East Asian,FALSE
train/939.jpg,30-39,Male,Indian,FALSE
train/940.jpg,30-39,Female,White,TRUE
train/941.jpg,30-39,Female,East Asian,TRUE
train/942.jpg,9-Mar,Male,Black,FALSE
train/943.jpg,20-29,Female,East Asian,TRUE
train/944.jpg,60-69,Female,Southeast Asian,TRUE
train/945.jpg,30-39,Male,Southeast Asian,FALSE
train/946.jpg,9-Mar,Male,Black,FALSE
train/947.jpg,9-Mar,Female,Black,FALSE
train/948.jpg,19-Oct,Female,White,FALSE
train/949.jpg,30-39,Female,East Asian,TRUE
train/950.jpg,20-29,Male,White,TRUE
train/951.jpg,50-59,Male,Middle Eastern,FALSE
train/952.jpg,40-49,Male,Latino_Hispanic,TRUE
train/953.jpg,9-Mar,Male,Black,FALSE
train/954.jpg,40-49,Male,Middle Eastern,FALSE
train/955.jpg,20-29,Female,Latino_Hispanic,FALSE
train/956.jpg,9-Mar,Male,Middle Eastern,TRUE
train/957.jpg,30-39,Female,Latino_Hispanic,TRUE
train/958.jpg,9-Mar,Female,Southeast Asian,FALSE
train/959.jpg,60-69,Female,Black,FALSE
train/960.jpg,30-39,Male,Black,FALSE
train/961.jpg,20-29,Male,Latino_Hispanic,TRUE
train/962.jpg,40-49,Male,White,FALSE
train/963.jpg,9-Mar,Male,East Asian,FALSE
train/964.jpg,40-49,Male,Middle Eastern,FALSE
train/965.jpg,0-2,Female,White,FALSE
train/966.jpg,40-49,Male,Indian,TRUE
train/967.jpg,40-49,Female,Black,FALSE
train/968.jpg,20-29,Female,Middle Eastern,TRUE
train/969.jpg,40-49,Male,Southeast Asian,TRUE
train/970.jpg,20-29,Female,Southeast Asian,TRUE
train/971.jpg,30-39,Male,East Asian,TRUE
train/972.jpg,30-39,Male,Southeast Asian,TRUE
train/973.jpg,19-Oct,Male,East Asian,TRUE
train/974.jpg,30-39,Female,Black,FALSE
train/975.jpg,9-Mar,Male,Indian,TRUE
train/976.jpg,50-59,Female,Black,TRUE
train/977.jpg,9-Mar,Male,Middle Eastern,FALSE
train/978.jpg,20-29,Female,East Asian,FALSE
train/979.jpg,20-29,Male,White,TRUE
train/980.jpg,20-29,Female,Latino_Hispanic,TRUE
train/981.jpg,9-Mar,Female,Black,FALSE
train/982.jpg,30-39,Male,Black,TRUE
train/983.jpg,19-Oct,Female,Indian,TRUE
train/984.jpg,20-29,Female,Indian,FALSE
train/985.jpg,30-39,Female,Latino_Hispanic,TRUE
train/986.jpg,40-49,Female,East Asian,TRUE
train/987.jpg,20-29,Male,Black,TRUE
train/988.jpg,20-29,Male,Indian,TRUE
train/989.jpg,20-29,Male,East Asian,FALSE
train/990.jpg,9-Mar,Male,Southeast Asian,FALSE
train/991.jpg,50-59,Male,East Asian,TRUE
train/992.jpg,20-29,Female,Latino_Hispanic,TRUE
train/993.jpg,40-49,Male,White,TRUE
train/994.jpg,40-49,Male,Black,TRUE
train/995.jpg,20-29,Female,Indian,TRUE
train/996.jpg,19-Oct,Male,Southeast Asian,TRUE
train/997.jpg,30-39,Male,Southeast Asian,TRUE
train/998.jpg,30-39,Female,Indian,TRUE
train/999.jpg,20-29,Female,Middle Eastern,TRUE
train/1000.jpg,30-39,Male,White,FALSE
